Date,AGRI,BASIC-IND,CONSUMER,FINANCE,INFRASTRUC,MINING,MISC-IND,PROPERTY,TRADE
2019-01-02,11.18865487598237,13.958000311886881,7.412184538237007,6.026692046671498,9.647514398296538,19.66444770019244,15.767146899030438,11.599918812417839,7.122998770566006
2019-01-03,14.17129411613097,11.53471420595196,11.648836757990416,13.260685196135563,8.287702120602866,10.457136556012522,25.561387111960997,23.694928178543847,6.762028593329489
2019-01-04,12.19706428166583,14.91133382678435,18.72779428397381,14.160737134793367,11.420783731590813,35.34293720137005,23.1910147219882,10.212431666719016,10.291797985255123
2019-01-07,19.013848708425744,10.847051375341632,21.361238005073695,8.777697961737914,7.541323768786924,17.702801423765862,30.04130662667433,10.025528521989045,11.164696598239793
2019-01-08,10.321995184628989,19.865479074783877,24.547949274096936,8.274820241217588,11.30111655796628,14.574205537253818,9.941925146407618,14.513374259573459,12.267473231556265
2019-01-09,19.2809874143738,8.437059705004735,18.346448897952314,6.239547801808799,12.166912049817274,10.80023983573179,14.73563663219189,9.791174461266088,7.364926632870025
2019-01-10,12.744287789252459,15.184873413941071,16.856797828331445,8.146408041171401,11.573618881623572,12.185945822575398,25.27195117888353,8.200497215378428,5.4029966380416345
2019-01-11,10.785520321541167,12.816343229092658,7.361603741303091,6.155577918493522,9.65377640026112,9.591067688343019,7.589969779115807,10.345067516121016,9.25982793039747
2019-01-14,10.695659390855115,20.4368451575945,10.614511814096957,7.522716320242233,10.198683022154576,8.008644080493042,16.60552160724161,7.488749668563573,15.863989483200855
2019-01-15,6.43266704685744,24.0814193299368,14.141225738528812,9.244514440946794,16.36828657461236,11.21578952467112,10.23958889827289,17.2808655068263,5.056460109344413
2019-01-16,9.471323527434619,17.567038583588676,17.827553971437922,6.433773815379127,14.825796125274918,9.765870138090255,13.068339167477125,9.931817488477584,7.755606017245286
2019-01-17,8.808285029868667,15.79977221112724,7.6123801670070375,9.546508293111788,9.643932362888194,12.783183636452774,12.255432973118342,19.451996063425426,8.421376381306908
2019-01-18,13.852752728200507,17.74575118773722,13.64034912558022,9.62005982735691,8.481482992092163,7.684762083888856,17.88631011583562,11.154960612080359,7.656320013255743
2019-01-21,37.62357522474207,14.672727898504318,6.679665917455307,11.239819404671698,6.783865952016485,11.413077189388606,22.041034949950824,19.550363808868372,12.592970907801954
2019-01-22,22.348394537434338,15.808760201423594,5.800887122879912,11.334798627744554,13.508762958188465,16.12908581484656,21.144765437580954,13.059209452374553,5.682678369631265
2019-01-23,11.864897909390871,11.503815248222354,9.512534571345805,8.502729679663359,9.096892496620722,10.648078731851648,10.053279961626465,12.060807163403348,13.634962233936035
2019-01-24,13.693570685362047,9.17458635856038,6.368308532270239,10.718085347177796,11.406988006338027,10.501895476666014,20.870314021674034,12.14572695670134,5.6661666677268565
2019-01-25,20.66102694876821,6.954183919885735,6.218750831017097,7.066974973516568,13.020854932122521,11.23968010810461,19.20060871654622,13.013279634669663,6.445968900698835
2019-01-28,21.67463472862655,16.994144942155394,13.970930270576293,10.058684824763944,23.517679420489003,10.326566116304269,19.27082776313321,25.501698933424066,7.152087214753849
2019-01-29,16.283111468267876,13.898794445550939,9.122367438539623,11.69278682637623,7.809514190190764,10.334694722380029,10.985180053012433,12.103349658912554,15.700252343938335
2019-01-30,14.331900415806198,22.01726232213729,9.045301631722372,7.276186443768173,15.797219528394054,8.9911986724923,14.57856638916436,16.304627648757325,10.776530183693756
2019-01-31,8.421709561108239,13.600255443643109,4.342516811351482,13.803454266197294,10.878221282866642,13.455959085089198,12.321825028299333,15.856321798880547,6.904366556471805
2019-02-01,7.402423030857203,15.344075360908981,10.58487901197201,9.231226035092597,21.16218865362305,8.941723340886941,16.602227520691653,11.378933191100039,8.207911437540327
2019-02-04,9.454855837400325,14.77322819589745,18.894910263838778,13.96935064542078,16.715673251772706,10.15298935979451,25.71767114844065,10.523008683447939,7.934928623787732
2019-02-06,13.15348453748976,11.949557413829694,9.235814293052892,4.403631621211776,22.771273622866218,9.180814056528625,9.542968667143088,15.599292911880108,5.0728896926398015
2019-02-07,15.150843405155678,15.61017307200303,8.561680164525088,6.322503275166904,11.234418949415408,12.44669256739392,13.942071375678328,11.65233948058125,7.197479702896284
2019-02-08,9.714547567121858,19.34176822502827,7.95968919307252,6.477794901378981,12.086363965967239,12.641600561103703,11.401646504954831,8.031929894881674,4.876427943490892
2019-02-11,11.694511708071786,14.833489144414965,9.587019622107015,7.563430489147358,12.25076815100161,15.879102149065416,16.288027728628965,16.28473580084967,10.23050398949233
2019-02-12,24.49791867166161,22.123843738495374,11.020445328143525,18.233995176294414,31.004405573453443,17.91253589383389,33.53400702362811,26.964614451658658,16.454376281732824
2019-02-13,13.893862065641278,17.899396739111527,10.128720152638051,11.434212610947931,17.78602247053708,15.42323454832636,23.287916314062397,11.923991883704959,11.258772936369638
2019-02-14,9.021835408916187,18.363299748589483,6.886427930013256,9.55619785742057,22.429620881971278,14.429159899916996,24.69994511343854,11.364322966736488,10.65829665195637
2019-02-15,15.483594342513976,18.515247805333367,10.106331104187928,7.813334312088263,15.955165550577247,15.243348343639454,13.469425942572405,17.14155222810327,9.609946357984208
2019-02-18,9.703139843446387,9.273371539982191,18.632035909525474,9.32088956140873,23.929880146862043,13.403312348778767,21.99534422741779,10.574352383213382,11.04046292673852
2019-02-19,12.504469125597003,14.796162047833777,6.111905846604846,10.78662558529189,11.489172298706881,15.511625544659536,12.303195270643858,9.580909808668096,7.233247017570524
2019-02-20,10.85231197016636,12.103404874849828,11.791929752643329,15.666160076939297,18.511274670978445,7.835056534390795,25.685783877546125,9.290720050362077,7.216249506688155
2019-02-21,10.434998974416247,14.478648200245678,7.419441276510658,8.010184362096949,8.437262108379974,15.237258867666323,10.114087506900015,9.630149526515106,7.6981247079388515
2019-02-22,9.448527685052637,18.050236508053786,9.705165388684648,8.642984712345696,8.802395153213324,10.982636672218355,12.639506247274223,11.057576834800875,7.631971687722065
2019-02-25,11.799395972799255,16.652260249702255,12.341491479655872,7.505015813625936,13.1208095068647,7.956192445316939,21.69334559545158,8.233049081078287,6.468664780294958
2019-02-26,16.343233025210843,10.016102445758838,15.72162032297714,7.7045497663667,8.197237768314535,14.634399866106056,8.792288865812425,10.692669802428314,7.602876445143919
2019-02-27,15.866399550227584,13.258049635612384,5.916127681800013,8.248512347256497,9.77919623476113,7.843854041557689,13.201601069403218,10.639231395561701,8.496456876743014
2019-02-28,15.078185317337997,22.913604549503177,14.021846558580945,11.361532841508751,18.224673740840387,22.936990717613053,41.55085856972051,15.869590412019505,11.565137118612757
2019-03-01,9.852342340342041,9.989849991400405,19.750926094925774,6.586936946366631,12.27412797427677,9.882133332618974,18.7271059027669,9.432343637245957,7.477362698515008
2019-03-04,10.386643457714404,8.373606002964918,20.23353863398172,8.067237563427385,10.85754987426925,13.155405083873386,11.151424453621766,11.175723037402808,5.058941545324518
2019-03-05,13.59113108208853,13.848577228645564,16.33648032078256,12.186254908198652,18.417679137017647,10.938085964624488,32.81386563363602,13.317757654877807,10.286872590989223
2019-03-06,6.178032531961101,11.286645161710409,10.767891221300873,14.092677117117333,10.26402265731586,8.256888850203548,14.336396702563162,7.952578828296803,7.892111454293653
2019-03-08,9.357035767930427,16.879827445582627,10.003248324875925,11.45372303185616,24.15064632838999,11.160431884576507,9.485299255724915,8.666455343347138,4.331564848172885
2019-03-11,14.6858648986191,17.076319403808665,8.47831685938998,13.513935835718016,14.045610115929044,12.211392095593542,14.530698250146983,9.480508881355485,9.013786615196787
2019-03-12,7.58110766977014,18.268100955010706,6.45064148141172,10.192890972269383,21.880928961192783,11.692312794083731,20.68590468426119,15.270562934841832,10.850636511531382
2019-03-13,9.317420871991757,17.57655329336783,9.402377781571971,7.615474105797512,14.136274496911398,7.565150548258188,6.327353326245302,12.502994301971581,7.22060554583029
2019-03-14,8.63740424279136,22.161939390890552,8.306284283357622,12.74252157102701,14.847361392936783,8.149170183312568,16.647063442657696,6.277883555454091,7.544245906879244
2019-03-15,8.709174165945676,20.396844830381106,10.825783320378044,12.720414129493761,11.659988084955298,5.416980266407696,18.08329629408517,9.796764310572561,7.955222099852262
2019-03-18,7.989534809145208,12.987687699409008,8.25915726907103,6.419513274749697,17.840442637906186,10.088087703529784,11.788530419610575,9.833851871985804,5.46743857777632
2019-03-19,11.602881534070281,16.06695425967997,15.002525568767469,8.01369641342213,9.688435148073637,6.145988993627515,11.68901619425302,5.9067232832320355,6.591568246751221
2019-03-20,12.616777079869534,9.533252328919883,4.7548791431384405,5.530378542043732,17.191898842231954,5.364130095350372,10.176242877161195,7.35786173348121,9.4144420773173
2019-03-21,18.44012335158088,20.5978218477869,10.86300601693595,7.288737734214536,10.948856571186127,7.971693051316627,10.520889702408613,10.793810292760751,4.453209046424879
2019-03-22,9.131428184354373,11.59677851211048,7.209110518543296,11.436198407008968,9.437487569717288,5.88417040130675,9.520898429112957,7.861806335911692,9.14566035258398
2019-03-25,15.890732454565404,13.675832386407189,22.83123310856951,10.762760221181033,12.25820870290038,9.661150371159312,21.596017365720847,16.330674491759765,15.807252711815629
2019-03-26,8.280857035623585,17.194346307584652,10.356628683948069,6.002026958300636,9.914204530347861,5.5855979500211985,10.40228578541387,9.699340999734064,9.806885027143124
2019-03-27,9.65442146930714,12.991260649406092,8.547237280644298,8.213652822460316,9.150194622304191,13.581573667963367,10.042307989026876,8.413165107821262,7.330070662402245
2019-03-28,11.100472359797548,24.310682532759127,6.256886499197939,10.240328152701807,16.686643915202122,4.909542170476568,10.653703894158737,7.223514687280582,6.590804789776317
2019-03-29,12.226572845882323,39.86090825930144,10.835947000590934,7.831093061165195,14.678121261993354,6.094901144179932,22.311094061486155,8.995870861452884,8.511537062060901
2019-04-01,9.580746706685746,14.803605144299055,8.059108555682771,6.5051387216141805,26.983973253575638,8.471460979038842,15.412802404587236,21.364510297273192,8.046414099514578
2019-04-02,21.691700480038666,16.992252734759187,7.040676861394113,9.42972889441553,7.457045024180335,10.688819779676233,16.735647927823276,9.32346324811501,8.976544557379746
2019-04-04,20.222442149779482,21.710167770072164,8.35639883635571,9.75103115767839,10.225576166045933,13.284941166602081,11.444020134536903,14.92235505377875,9.986562802398765
2019-04-05,10.956677738256735,10.161381651038667,8.20697758082933,7.261717245893211,9.163562483374326,14.367136421813592,14.678675446772804,10.849015991728159,7.481637560182652
2019-04-08,18.31999970328137,15.048695755088515,19.277380745253218,11.091157975489825,23.00828642568019,16.00135531090809,27.40854799089644,21.136144594827417,11.651483274207514
2019-04-09,9.559974162992495,19.452104519021624,7.97979002019377,10.007269158952845,14.157687214634674,10.058188906356952,28.3662720868336,17.32685428356553,11.497749596256352
2019-04-10,9.687236450837274,9.546662571867623,8.535189149994189,6.279903924893062,8.923892646858748,8.264418253899798,10.780328550633872,13.605079554482494,12.435879973809243
2019-04-11,6.80829053377557,19.219262281353526,12.32249726901697,9.8010118465588,8.108641949770675,12.968513310023672,20.141066678636452,13.213738474578973,11.037423465004375
2019-04-12,11.89315159727095,16.038842132485982,9.930705143162667,6.262180049960819,16.047077550019807,7.553964511505966,11.891255009500469,5.319602671253847,9.564963228808072
2019-04-15,7.272266706790644,16.060621986959305,12.097063320272081,6.553892783307741,6.800907861791024,7.1294017598507935,14.940732336083954,10.656838496288639,8.669283204973285
2019-04-16,6.417511851738523,10.941647389668047,8.146628085880188,7.732304303245573,11.813459330347754,5.364994124386943,25.38131837876812,24.746391590472573,4.409196477234058
2019-04-18,10.335001696853299,26.914445385941573,32.28928588377225,35.22474035476617,15.548414294053808,13.524841468750687,23.975296768923936,11.46015854439512,15.778622130641928
2019-04-22,18.964189891830614,24.941806642776097,29.678396586426224,11.777899594802104,17.005839056169094,7.37308497571031,35.563479358841455,19.565523055698662,10.46148153614716
2019-04-23,9.948702293441498,10.072215759705607,16.54129078766611,11.768667054353399,17.69814972037619,17.902637785990834,13.496210139222192,11.698997863754034,6.85179217920976
2019-04-24,20.302087002164278,21.439002684266573,11.346596566458572,6.171391290626993,12.45510724673548,7.3844531211346185,9.02857899364041,10.821452514904637,3.8684045569762273
2019-04-25,14.536321711719252,26.197767207491523,21.524943153814455,11.778093601995767,7.216312341343219,10.127856483261134,23.105082057414233,23.187415581997296,9.123461091890913
2019-04-26,8.970698877985283,10.051404324991196,10.749973326366645,18.219159832850284,21.558307399467168,6.231737437703658,19.6948015343572,13.3115940641703,6.756070125429857
2019-04-29,11.080332316781101,8.735624706527274,18.630037381754423,9.175716991751907,12.051808318283433,8.201163283606327,19.258172898305993,9.119828921980297,7.351516445555051
2019-04-30,10.591396171597575,10.858867876167725,13.062119360535121,7.402868324551576,18.475623689750794,14.516992947300974,9.26009890342394,8.565479057883659,11.433836043512319
2019-05-02,6.731325481362779,21.66532277736421,17.492383708147887,19.4524435841553,11.934807050950107,16.336148742111988,24.556836008468675,23.069276902182697,11.414509953955646
2019-05-03,14.856607505470764,36.98149064345204,16.10206066758953,13.837299585336341,18.548547934558048,17.663417021591087,13.56258869378692,23.44022338801835,11.080562649623191
2019-05-06,13.18769816882035,16.404155704479926,19.692708099227723,10.362944622259558,20.923071939539405,12.01140673778594,15.612450885772288,13.844057441586937,9.29130233109655
2019-05-07,11.889067525171972,14.543274743235251,9.551284041764664,6.442249573571147,13.150012717432299,8.050494714321538,19.415573481098992,8.693388440104327,4.575732415627858
2019-05-08,7.434996758571791,17.460173117470397,9.834879479810345,8.932881480336103,11.956376080564029,7.246676933369502,11.812414119821792,7.354190985345187,7.432839114233693
2019-05-09,15.257022142695062,22.412043584903834,10.254851812495152,8.42920625419829,17.73376654901286,19.405712342818777,22.431755667330222,17.904240877595413,15.854083674955413
2019-05-10,12.869798299273588,23.772866479575804,21.272125087964703,13.060075189385396,13.224373248863595,18.373180730633635,17.76927496851128,19.96237437173118,11.084092654754416
2019-05-13,21.484817185452705,24.87742867516322,14.949766474956919,13.151910645106874,22.850265135110483,23.89445393146783,20.172765642954644,30.743900355260923,12.109720509993105
2019-05-14,13.622969678448502,31.442854773769653,14.808477690989106,12.822122924128601,13.822216032403917,16.244032260511652,20.751060806674367,11.718982575462565,10.773951610306835
2019-05-15,13.445637759807315,33.338385682923274,20.338513992604945,20.064445097984756,34.07525181704869,21.178751818747635,26.1110657587756,24.620003267826856,14.413652151022841
2019-05-16,13.048007876168732,24.117505690294408,12.930572601069038,24.44724424772392,34.994183466608334,23.95588464327868,29.290757641812686,21.290578162139678,10.737335902767756
2019-05-17,14.872003138042022,18.24938460111587,19.203171061905564,26.149237782336154,22.495358616068994,15.907553996820287,26.33543669857315,11.451469254792903,8.163075966007323
2019-05-20,11.242318931756836,32.48325587483403,19.73246461443299,36.94695116664199,33.73694771160827,18.39176475242137,34.995063232964306,24.00557804888502,12.243730633788147
2019-05-21,11.755387864695034,21.790428193976137,13.514144618088194,12.68968994533505,20.652954420028383,17.6264596896808,17.752628754262183,15.539575749212636,11.642152696408079
2019-05-22,10.145530974783977,11.32944061287871,10.537483635326073,9.067481264455147,12.478334354372993,10.613169099905575,18.470231805874647,7.610108724208933,4.671158465844871
2019-05-23,9.336615971883035,17.68790880542,16.0598002427247,20.60176762062234,31.87619649249786,12.03162589147991,18.543578442475788,12.223177964593463,10.95175694577689
2019-05-24,5.516652402929811,11.322994065116273,7.29349554938145,14.43566775721338,17.50542075287998,12.950589471103086,17.116932206135072,10.283977550728121,7.251810485135765
2019-05-27,7.35446228436832,19.468331430476486,6.363344591101444,13.939572944706438,14.419622385751522,7.894246829748493,13.86006049281637,17.317643233934056,9.34412164305804
2019-05-28,9.998402563261433,12.142342234246362,16.47366020173656,16.853202917015444,24.99870898491939,11.849481758202158,18.849358455849146,13.568862184228783,9.421086631770843
2019-05-29,7.94055812412495,18.92532287306043,12.293624312875016,8.873711746047768,18.97789541801374,9.086147976908055,25.08433319401226,7.16164141078625,8.271909312523244
2019-05-31,10.250108664033268,31.020445933856756,21.42447134805032,19.36551856108666,24.110294755730685,8.391328139347127,26.342402238506324,10.139110157204536,5.58636770130358
2019-06-10,16.72896567320283,18.108715171890765,11.765555291120625,18.891621950094354,11.852392765097946,11.419964605767294,16.033786007197808,22.37251540487056,12.37424662337314
2019-06-11,4.78957873410309,13.729845249942155,12.630938350673187,10.107769859881705,11.459571194419205,10.754952815516504,23.786948082369427,10.503809549519174,7.557159030939865
2019-06-12,8.483681367866641,18.427709952745193,8.368579939627702,6.211025984707773,11.382941502294253,24.382788738216874,13.642985239921849,16.744774273548018,4.497545860829762
2019-06-13,10.478487579843534,17.098781642135076,10.536885719277713,7.57077763331913,10.588929274416337,5.996019228972224,13.862353199321584,22.90526834200663,4.094755501551856
2019-06-14,6.002159385644066,22.853741817808963,10.800033020624682,7.171723662541128,13.267325274390451,11.396362225627128,18.82515444358348,18.51093455094385,4.694778130931593
2019-06-17,14.457316054405547,23.633264999549947,15.203957286285544,10.482506192198226,10.457736268873173,14.137731024707417,9.124219406774625,11.034290169498137,17.867353121782976
2019-06-18,9.401245027627969,18.869660316683532,8.846308335084089,14.433439885727974,17.71696483662855,13.623416310534262,9.932959309930094,31.389123812455523,6.540167724457456
2019-06-19,20.517808208633483,17.44995826429448,5.235002008729298,6.848520724790282,14.634722014127814,11.299340183716028,12.583450370687085,25.401433852056314,5.477746827746131
2019-06-20,8.239888012120442,12.726541326445865,11.255016392517875,11.950318473124526,10.324998774622546,5.611726027864123,13.053352905176968,15.350727194334791,7.831605139064288
2019-06-21,12.461449057266714,19.19508841696,20.610064032045184,9.720545348695635,17.94151551198898,24.00600553915715,29.758986618996275,22.46507313638413,11.93613497234371
2019-06-24,29.45261443817675,13.01104743784635,10.982621520709811,5.687223038529798,12.35130309521047,5.1998903885450405,14.59870620580073,14.700700275275164,4.943325693265107
2019-06-25,24.40551658425254,9.919230851584791,9.827725172695658,7.807110827611033,8.083275812085985,46.612482642911985,16.43241109868876,12.841473414856349,5.885266187151337
2019-06-26,31.051148945826824,11.569216663527868,7.257941390421039,5.295777565699609,13.932854129041377,25.786297699828193,15.397426693086766,8.646699638132512,4.271510681549709
2019-06-27,32.47817409451717,21.708230772727287,4.872957061143274,7.166053407301753,14.354176509878592,13.623652875441419,19.865445877717786,12.410723039492177,4.611864373245318
2019-06-28,10.57851056407024,16.62912326116131,7.959344704428693,4.928161764699062,11.264871413090793,9.667298957243876,11.988596653207093,11.586532923059758,11.339142898381214
2019-07-01,21.481280927861164,13.82810106449139,15.241926975530063,5.433234015131997,12.245821398940793,12.333668680639848,20.085000356537503,8.342201617050058,6.298339450083228
2019-07-02,13.292664057815157,16.812258249995402,12.73724499796125,5.998394086479807,13.129821267258619,10.658777551611502,14.878964412510811,9.87271958669388,4.18210018238591
2019-07-03,15.071616697934484,16.361536141431436,8.708517226040351,6.10803360946628,9.897546962146476,33.54567394534857,17.925175490378297,12.396017108225545,5.117056963221904
2019-07-04,9.652460567062388,12.233396208062018,5.880381239149076,5.528746485533631,16.352771864422287,7.436985613637244,8.530222111127038,8.196569736467929,6.267357011171598
2019-07-05,10.291404489833791,10.635428480472793,14.778354124094568,9.648871718648685,5.897209934176557,11.619648202250035,12.131127412407997,12.364412192076461,4.027522905248617
2019-07-08,6.840581295087507,19.07043866244788,12.311629213080531,7.186745549855826,13.120092318613565,12.714682629981583,17.43322391458272,11.770668489365175,10.704569988490066
2019-07-09,13.439336405125502,17.281438429228785,7.9837612607927415,10.488150237867107,11.171954560292294,13.594557554452171,11.356054095441344,11.178929410193366,7.46168274951915
2019-07-10,14.955535106763811,16.18311328525897,5.62607655837339,7.223471874529075,8.586600442936918,5.041080017284227,16.36138760018515,9.024764247601478,4.5977555582117535
2019-07-11,11.352054952189974,20.836874017981593,11.044210844715876,4.708222000917217,7.2363550952167195,9.91494926276365,8.67951794216071,7.539194053158904,6.968814474860688
2019-07-12,18.01762300565558,13.204357249499079,18.337861351594118,3.936151630861656,17.475740069011827,16.97150969604356,10.861182957797464,16.100096501145725,3.8828546337159784
2019-07-15,13.175614556561491,10.643002800684911,7.935081749080197,6.895516118762292,11.113871553092194,9.29022712217344,11.569345831727414,12.467262799579544,4.829376372383434
2019-07-16,9.208402382912304,15.94033552105165,4.939203571315429,7.0899273904642595,10.860134016867482,7.022152211720462,9.57906367564642,14.493013484836235,6.176466338857139
2019-07-17,7.608468315589617,8.619092771177197,8.722358750222705,5.850155853788543,8.63809889707019,8.890029573186931,31.40719024600153,8.804209442452661,5.6675445292902
2019-07-18,9.84385767635183,19.7410831317882,10.117393828257306,6.268215318948335,7.177186549633436,13.566040878845945,13.487377657713495,9.17967296002193,13.163983061106018
2019-07-19,6.81552551611956,21.881754046426273,11.134186008372685,6.346571508818707,4.866450663500548,10.5960212790529,15.57668040671188,11.32280183585653,3.481794344955914
2019-07-22,12.309219837812744,9.02605349612139,11.925483017400062,6.784896841891046,10.074257305376024,7.480168553869476,12.863723473320585,13.805117716917046,13.148583076656376
2019-07-23,8.889144495221995,10.728655789340156,8.653151288486152,8.371194428174382,26.891109022359654,9.902141564975137,8.211521628589281,16.460979917570032,9.814998880814855
2019-07-24,8.385240407715925,9.149231688440668,7.017247856304326,7.978780027344387,17.04446972660005,9.745124688694112,8.589315842495594,11.771423416673443,5.17681105304542
2019-07-25,7.175650201854032,15.396434842245773,11.007966231799319,7.315104409890609,15.742358467190476,9.035990052399274,12.787919881560248,12.574073005263026,6.911846237407386
2019-07-26,12.40728659923508,18.53491312993825,30.496592072045797,5.392688886638399,15.027447291180474,10.880131760879044,13.199189753981672,14.102812660946368,6.462718196087181
2019-07-29,8.262837178288,17.528554801084372,23.261643157732177,8.34005191384887,13.928007515751831,8.996936764895265,10.688924623770992,9.713128982803294,14.308278890533796
2019-07-30,12.819336770376024,13.435183470030083,15.877798784436377,10.854158797190564,14.274781169441836,15.975967492882399,10.716317417821516,12.648986439907944,8.663922978028623
2019-07-31,14.46320882823972,26.74249530481016,16.83745173973308,5.5088866631263125,10.124000715139433,13.206916288627617,21.786875579277268,16.553854344707574,11.89139422806909
2019-08-01,11.269402814982566,9.371719331084787,22.900207523553433,8.326353100899984,7.567294864126442,14.901661556826648,10.598659739787013,13.909376127656964,10.618430484092785
2019-08-02,11.619784230745672,10.96422910991329,12.533878494481318,6.993032278389845,8.751899446017918,10.852804137532678,17.756781989796085,10.410879007993943,8.132375075957466
2019-08-05,16.78912583861034,29.049302769282576,17.102521333770206,26.92655926515057,29.27523224207021,14.251093344898536,15.451124243426428,19.570156091631254,19.573575317385075
2019-08-06,13.770385430092395,35.23128829598776,24.876008081929054,22.402686682050994,28.288632924974156,28.654316024806953,20.27828068956932,30.349770292746804,14.854721617493336
2019-08-07,8.836115482445589,11.14929144748058,21.21554219517165,15.345485742099674,15.236239814861952,15.791640204298513,13.036220516578547,12.989856247235455,8.868641738753622
2019-08-08,22.835918684886156,32.1929307041918,7.927577537370907,11.03289052692641,10.218716388425891,20.45879193550823,24.755612165622505,14.377185183441169,8.04477093097282
2019-08-09,16.20382229616663,12.755658487419923,8.89576766911732,8.224689980542838,11.041706205357697,10.734041342233784,21.594092395557144,8.160083783978358,7.166916566959312
2019-08-12,13.359198727909078,9.879515743085406,13.763607065888472,13.473082058639498,12.202851540983767,16.976050620718215,14.600007939464982,14.266917782216465,14.49940964797406
2019-08-13,37.38809319819747,20.75885409696149,13.935752985438073,7.361746597962076,11.189443749551828,10.192143086966013,18.74053167549642,9.785945636041664,4.850243287289711
2019-08-14,17.709937327863496,8.9664646365787,10.855185438289821,8.378010588484017,5.225668997438437,9.150553763567565,18.203137071384578,16.314966671008857,4.531886993110151
2019-08-15,14.03610471043365,40.91352049227911,16.653592891382722,14.043399162826878,13.342497601261785,11.669388405385027,15.82436935620768,22.97114745764847,7.608016485282902
2019-08-16,26.61655552337381,11.177813049606568,25.78108036688997,7.775048785730005,13.487313219740885,25.92859083684128,11.895698559932079,20.75556489745552,11.198838130749667
2019-08-19,15.246336615883541,10.568533003943113,12.866389931182479,7.168040154438094,9.44114028278616,11.76467845142752,23.30046536215238,10.221735875449484,8.510313332360269
2019-08-20,19.415986227652425,8.27695976247829,10.69529486405468,13.482936961366477,11.366379445110613,8.276209539099415,15.332833387714064,8.075415967870848,5.885147189225791
2019-08-21,18.3884774252629,12.272370175458116,10.85461258613432,12.58874453512524,13.476630680287688,15.539512154588916,18.302303150793783,14.31876135874501,6.888020886540408
2019-08-22,22.234371543124958,12.610037527802062,9.224371230834498,14.535494603175621,11.784391148954185,14.579024743419597,16.860794910681317,26.739863918619644,11.995061524219803
2019-08-23,15.578769832103264,11.740124196340282,8.459070233726226,8.539083640682609,11.962248524123423,17.199038414251476,33.47571123443759,11.404415332714743,6.2026579809543385
2019-08-26,36.27047391673687,12.183640500711777,16.658759218306333,15.119587549599107,18.054765106104448,9.219868084767922,24.071856245081786,9.239627050949863,10.05605780226948
2019-08-27,15.95413700804823,27.194336863226205,12.518206566109319,14.36252406407795,12.473565688408613,8.059811416915094,14.892344357465728,18.253483836170197,5.187485520187057
2019-08-28,11.248759290931844,15.446248321599226,9.065040622658344,8.48302509681245,16.046495965540643,10.20777413874591,19.284123853326346,20.203689614907468,8.413502275398423
2019-08-29,13.501731515618962,15.588614528933665,12.108660959666736,6.976188532722507,13.486371369828564,9.763654124534717,9.268813611626243,15.246961378054571,8.9736330252324
2019-08-30,8.370477895744708,7.786530703395426,14.985661921687878,9.936862800826106,9.399618523325195,9.705069324073145,31.186860598379983,19.19273519663236,8.296832780683967
2019-09-02,17.514186499005774,15.328475988725309,21.56430053570208,9.284664671795714,10.062992066738547,16.67966146667447,20.904997632296897,14.706638827237697,7.015162335773787
2019-09-03,9.794056457653735,9.572088997592736,13.266866436796798,16.8675857875156,18.928867964333808,12.855628233088618,23.886870055366977,28.998921186353392,6.815694209668897
2019-09-04,9.627304816096173,10.616483275980755,6.88879757161848,10.414894353174283,11.061107130356303,12.946155644249524,14.9338494830062,10.689975511458533,8.138549736794342
2019-09-05,16.96993550697013,6.499104024117326,7.574944431891295,6.881616576243264,11.761237496754783,18.220752203460496,21.307282779833862,7.287326480200935,12.494768792524507
2019-09-06,11.80616948880347,15.136131202718245,8.679304820041375,6.314577018597749,22.63237309910715,12.324017581857586,12.048595016661308,22.29140547718132,8.127886284174373
2019-09-09,9.620446810375086,9.87727377342704,12.68388639340581,11.886219125154566,8.97642145524407,24.09913734574807,13.013105082720205,7.574202991538972,11.237770398403732
2019-09-10,8.442356046086228,10.81008971217708,6.093901938540792,7.696471671502792,8.695027634595725,15.404516790243575,15.67689448358274,8.982506142741508,17.705827228494222
2019-09-11,5.338082401988455,12.100682918412188,7.63196312109221,13.585258698702535,10.576143744371763,9.81172703197433,28.029530988147876,13.978189219461992,8.211656121828401
2019-09-12,13.537448854486684,21.858484500517438,22.165662293583036,12.673385815272168,14.511399249386203,13.02682731869648,19.7088702328876,8.736658610213768,12.355872660657518
2019-09-13,12.974017152769035,35.53803993649937,7.6481946485890075,8.208943308788637,7.179219340718899,22.138117612683235,16.429833778282394,9.454049460173863,11.866986988488069
2019-09-16,7.806230441261658,24.70725855760407,21.930033610313153,12.706231670643492,10.963591640254796,17.61618026366063,24.28486040110839,11.32965245173324,12.882890746559086
2019-09-17,29.53907153017827,9.530020625983864,9.919883549940902,9.421482707695333,14.245678070527006,8.849464947754832,28.92862187373526,8.804533365614292,9.654659276846457
2019-09-18,16.73461228757808,9.598580832925565,9.758365181726502,11.914717411744862,9.53335824677054,6.650472687541041,22.52720982681426,8.650771255513396,8.77275400518035
2019-09-19,16.077030537350517,13.866090336727574,8.065566831430804,4.999382549912084,8.230302228316827,13.587601033969984,17.514739253356666,9.484657765663362,8.186930130754533
2019-09-20,13.527901795416527,16.815322177397476,6.737603820747755,9.830771606108366,9.116830907091012,9.277694242358624,9.821125452604788,10.21464365742159,15.293409917378353
2019-09-23,11.226420493465907,24.080320886705696,9.883897754164108,5.798365481317228,12.655297807781785,7.749556601911177,8.722958306242774,17.782213469029976,10.55478079034083
2019-09-24,15.524086641900805,23.489739511540872,19.318684785088816,10.16448559707307,14.848614479226747,20.319419186993233,21.734949522977367,12.79457344119469,13.534038773673515
2019-09-25,13.48331472819968,18.8398166501733,14.115755406534186,13.675417601650409,10.16038205631347,9.108672042245104,11.726240203021838,9.017449941647211,5.30746937190952
2019-09-26,8.655785940860374,19.67487901409347,9.839433904150706,12.518943293037522,20.72631014467195,6.580476820454718,21.574396513683165,20.56734228561624,5.4936406547128405
2019-09-27,13.235712682063197,9.313546056733948,6.0932577410914766,5.232199335721391,8.657446741495708,15.318394287329944,10.496363478782047,11.280714737704729,7.578389150653593
2019-09-30,17.470156645969308,15.56216333900577,9.039862920850243,9.724922727104303,8.545744827846308,14.31201367901805,11.084678790834628,7.663542062311884,8.27814540431588
2019-10-01,14.519003985529805,13.09511450653493,8.52628743075243,7.436637315914346,21.968067558553706,11.763408395842607,11.119714031112208,6.470578175351872,11.71491148929303
2019-10-02,12.029264124407309,16.29253539684262,17.017974058808406,21.090874167092252,22.11560051121563,21.830494633357322,13.85373931098285,14.957085906527972,12.399108558166636
2019-10-03,16.402868625655422,16.123769547746864,12.591804515299762,9.341854708300646,11.602800560440597,20.414398010739383,23.4420505958979,16.612640687844866,5.057822000849218
2019-10-04,10.880102968495812,14.914344138476132,14.202856235881839,9.862688345794949,9.142725023753483,11.976941550255631,20.374439071457072,8.157231120625726,8.227995762168831
2019-10-07,10.228169112763439,35.899132303405835,22.378235750270882,14.163819086435575,22.54143225345782,14.947456997400954,17.735335811744445,16.278590857264962,10.321945413037314
2019-10-08,12.591662350617728,13.50738503107998,12.07060467987285,8.939532926578643,16.515346463053554,7.164812505761913,13.741473268817945,4.670318227784753,5.4713792311351845
2019-10-09,18.22869579157699,15.367784187866732,12.340806752434881,4.98463357961076,14.739543545976863,11.125593594553017,15.684983522357982,7.685905357272774,9.5835152163099
2019-10-10,21.066125691361552,8.940227103228255,9.466923777724546,5.480760825075443,8.760163713606678,8.439908155484463,15.958210292804992,9.929558100156232,8.331261269326063
2019-10-11,14.838633315681275,23.03839241122163,16.746158772987478,6.659734089665224,20.974677419411655,10.58887143321359,23.2128117349336,14.14271435130611,7.655956421158944
2019-10-14,15.09473392133309,12.079960298573807,10.102561504911494,7.692781975171499,24.68337353697773,17.152262586754283,27.296684470240223,14.482725890243275,6.8619288922690815
2019-10-15,10.22106604360981,25.289689541041376,11.580004508416064,7.926306047694695,10.715916193842704,7.660708358840215,8.790230066755184,5.902080061590132,5.8620828200452575
2019-10-16,10.77839811955744,6.822231883882486,15.043645873308867,7.1106964591439965,15.38517759314019,14.734612640192243,14.016229678736657,7.136790048310651,11.851974443014242
2019-10-17,14.0157277962379,12.277417146725211,16.938890405241636,6.697781342578231,8.092231269097175,9.997970422986183,36.90511922709254,6.315483178713839,7.6053341166755235
2019-10-18,21.77692048372913,14.56453282861643,33.554547144067,12.337687887790604,6.710517981444311,12.107656710661738,22.812492150859104,15.316567121425345,4.29442858437321
2019-10-21,13.001585265496832,11.996584249652074,10.181928829815707,7.183542791143574,12.410150222029575,9.952616714517518,18.664373140513383,8.006696537415014,8.336854399475563
2019-10-22,11.50644446262507,25.0393606215717,16.18284597213477,10.423041783415723,9.619490694324845,8.148207437355703,24.144212872880956,8.74618581752627,6.071400501734128
2019-10-23,21.184698257981786,18.340097925153188,12.059105898270014,14.073437368379443,8.054118001293322,13.75023694705672,14.242817950039102,11.881084028683832,11.996783605479724
2019-10-24,17.52734799828275,19.637012473197238,16.718687317029406,13.959596998907427,14.258112937602888,28.3011302515951,24.3955765469362,11.051804889780161,7.597136146142473
2019-10-25,19.417803633326486,31.00292128507853,18.704878929218356,16.96935085292264,18.560568503770554,12.034033351878975,23.2921492770263,12.018261986166465,10.414479758252838
2019-10-28,9.15727333806529,15.566526596433066,8.992375323719775,6.763413407346378,10.000803405067863,7.866666617196094,14.42918391546596,7.82239242388037,5.718641059537469
2019-10-29,16.45017424500279,7.5360500226271165,8.892882658943636,13.618492967845523,13.311380409600885,13.671674678733304,10.943899194965187,13.977724280492614,6.28315983267462
2019-10-30,13.144441327616777,13.707506183977522,11.214842628686606,7.994126050385107,16.99230895256737,29.0102150084048,12.906162899194149,8.649755675681927,5.682917047418296
2019-10-31,16.195774714141116,19.60714262096318,11.455758821179586,10.015902813729454,27.517238902941944,38.187667287603475,16.785032785263162,16.164514890471423,9.213231931227034
2019-11-01,16.066320358210668,21.76113490588014,9.112998292568324,7.239212485593654,22.900030704049428,16.685839040093747,28.286706614764356,12.52160244092455,6.150891884399978
2019-11-04,16.303676347765855,12.814063003596269,18.782257876470826,10.999581345939259,12.04538708830418,13.166671470524808,14.780898246747395,25.21079627131575,5.9161875841665355
2019-11-05,25.505867022932332,15.898182579376098,9.692895905163487,16.767136305510725,8.0885978370529,14.147244730586742,16.564063561245966,10.823957252633987,11.034968072365531
2019-11-06,16.976354450636748,9.64974160443401,8.114853385781894,21.846476469226182,13.165604208555564,25.486604544025237,17.599709014140025,21.46270185632375,6.335497327105079
2019-11-07,18.05676111149009,12.431246247168502,26.064608206364063,22.104101243860384,23.624099994373776,25.266849369571503,30.21053041752277,14.745221677415262,14.474658185514846
2019-11-08,21.70881464126715,11.64309693139763,10.279092528595616,7.691888477661115,15.04874522460036,13.327910796130904,17.66524742949275,11.19158645261281,6.218178035999551
2019-11-11,20.325999363438736,21.66358705384887,8.508357107574595,8.119229493741601,9.261427174613269,38.24858494460444,13.462680895558352,10.727397941000543,6.689564608040369
2019-11-12,15.516307375323121,9.760234178009854,9.99193012362072,6.838506820008557,21.33902094235081,26.76133833130602,28.386534620217418,5.920499626876371,9.937067626889977
2019-11-13,19.70758892698557,13.687730790257504,8.55538115645794,9.674006783464325,13.41111339657616,27.705069183456494,12.176065002855502,5.718821340820669,10.336840409616883
2019-11-14,17.377015014816383,20.56819927304718,10.878828589164218,14.287136978000662,22.72064042534141,17.54230901156574,18.120297691131963,13.302042348659448,14.17351292682693
2019-11-15,16.977188450459845,21.61560060961044,6.469180730510361,10.285835872296309,11.211986827132447,20.39796658050433,20.131782223967377,6.77205236513264,12.699369958734255
2019-11-18,14.542167131525883,11.296522888953342,10.131148901956593,7.400863956304042,12.814837189816522,24.764467578431365,10.51247390088109,10.18014777738636,11.559778597842325
2019-11-19,13.696788315573027,26.724543856888943,7.912906687087448,10.617665645918759,7.4354356014138006,18.762037068687924,14.894068874621036,13.775852129577364,7.770934766463836
2019-11-20,25.644774886625576,12.270420654792005,6.91860328520079,13.190723676350308,10.455962337656691,8.342989956974135,14.532675364540468,10.826306806091376,4.5730982832787905
2019-11-21,16.806456095642798,23.223591322525422,7.44211271705367,10.412695534939601,12.000066017235298,8.4183488456664,13.779350808050445,8.179794581818516,7.360832652197323
2019-11-22,8.744331115910141,14.049799832451779,6.665536029726896,7.514188255912992,8.940213669601349,9.522222203910516,9.49733153688714,14.318637671684717,7.059818730225769
2019-11-25,11.567743112828877,12.82321250003911,11.131347774079464,9.500257908151557,21.43283113020096,11.30162563537881,15.510081577162502,11.82567849723434,5.5162244860963785
2019-11-26,22.1629092119991,21.046309961734632,19.764548974320633,7.808784764960543,17.486834440581443,14.17097756596259,26.054365278531332,13.977912468481268,7.669949100843104
2019-11-27,28.69769617832918,19.159154114944062,15.404632465196613,10.461270793725792,19.380457405981705,15.33152351590995,12.856953132783492,19.817624627961354,15.23219390340643
2019-11-28,19.974160854067243,30.363828591034725,15.73624409676791,14.256724424714983,26.345182357339624,23.0399862538578,12.669575504717386,12.914363167029732,19.455473600606364
2019-11-29,14.180003532356949,15.760727428540248,16.54182409403313,17.371008245727236,24.123278311958675,31.148503809106636,20.449627549279676,10.092367104253261,10.348118145859548
2019-12-02,12.928941958289228,17.84826604577369,21.044583875087643,16.999083866453937,13.666907059896635,34.554499910830955,17.26001861930474,20.092199476689927,12.088906139746724
2019-12-03,11.516404825753241,20.864220067062366,17.453895849173406,7.331994200743297,8.314472483396099,18.563356943585184,19.41127529818144,9.508337975894188,7.5738456272055
2019-12-04,12.037310353883289,14.787618581588823,8.77922886790228,7.435566200012671,15.682680865695007,13.325846079897582,11.873962264310615,9.940381153163628,8.232146199504836
2019-12-05,18.73294563136657,12.13115780555279,13.910335873370336,5.516711881882397,11.87973305420156,14.211538577926145,18.236465461668374,7.157365744533814,6.091796370739801
2019-12-06,25.080242252436523,15.18218385868427,8.506712269841877,7.325110040843917,10.241012136132024,11.47426297088027,16.979485782720573,18.538707699219366,5.30564196074146
2019-12-09,12.553205798384754,13.776066205058191,7.112165679283685,4.954590983652929,9.484208253038569,7.331902669660521,14.443532401330128,15.891795217068177,5.067679099032757
2019-12-10,17.64881179401767,8.862889271183274,9.36974709359405,4.8175325918018075,9.426048364555308,12.623067842350224,14.557093492813522,9.0821917623313,7.172632280161539
2019-12-11,10.303864855924715,12.674692857600148,10.515921561490979,4.13173343041553,10.962259338545385,11.898187651504651,14.044499363271717,9.265092510819596,9.311143791258118
2019-12-12,8.40120889254125,15.300280649463605,11.014601098437717,8.193022617748895,15.883928491927819,11.239075952051758,7.957967944088898,19.72208490048396,10.087170672228487
2019-12-13,11.315219287644135,10.675847120392936,7.284349598711977,4.21439991036941,7.965683800077951,21.47332035835223,24.543374476330758,17.644491410697213,6.383742766880163
2019-12-16,18.00083765746769,12.805934413266545,6.715964011652385,6.614881753306894,9.999749801703988,23.209500131912467,14.826830800757756,11.80518945553618,10.269714482772548
2019-12-17,8.51606646291886,11.597512886199436,7.067411403961546,8.259885346949721,10.902274212495284,29.829908075522198,13.374399953586593,14.142179230826294,9.73757182934575
2019-12-18,12.00461096327276,12.321729346979488,7.978015183224775,22.307100885783818,9.164658303202655,14.450856696641443,17.286754857803245,14.508468111087966,6.26387710126067
2019-12-19,22.590481143483263,7.528394665663346,8.369717240901913,8.008480787187704,15.165256555952226,13.55044992426651,14.924704209891578,11.650280049373812,7.6263028358303355
2019-12-20,11.542568618705833,17.106968466190818,15.311151967843317,7.440849701210024,18.8987212645738,13.624067836783347,18.865661899426264,13.87447590782213,10.799039618925642
2019-12-23,5.762896436834087,9.002394350003652,15.000596131187342,7.856289516912875,9.949137668630561,30.93376087799436,22.496406525852848,9.27285343948935,9.363284221607953
2019-12-26,32.140099446614286,10.217453252181155,6.13195783842845,5.106414178173172,9.322834890618752,8.703329681685489,15.734884561658175,5.253593547006287,7.180591433177878
2019-12-27,26.763364161219194,8.59515291127304,6.481343240762071,3.4285661299189396,5.89610978567334,10.50694556682943,10.248578956164748,14.339277728130103,9.37533987434041
2019-12-30,19.451652213789522,17.560910523892268,11.67863224720122,8.220680102707785,9.029151205869175,17.035746496396563,12.432262662858825,11.95735177686368,11.572583921540163
2020-01-02,21.185122473601023,21.555847915187677,8.324661979927624,7.137690813626145,14.502485424776296,11.036116876976578,18.25463562145736,6.563985096154585,12.440602735702292
2020-01-03,15.681096054434704,22.288317514163424,6.247506562122922,8.907348257310868,9.017519597853157,10.635922139246,11.917911579321517,7.01285799950951,9.943849676265804
2020-01-06,28.88229767155374,28.545729331393517,15.477926019244151,7.539293043591908,8.749422861445918,15.86224326547146,20.00427689806171,12.904981756698886,5.567808825010341
2020-01-07,11.587501772404238,14.16005485445375,15.952601543675996,6.444451789261134,8.16519765300932,12.706855588416701,17.01305488893719,9.449685225843938,11.736650752438962
2020-01-08,15.553950854707457,17.484049354959076,13.295209834528574,6.4802113038674545,8.425970212471928,9.113876806541278,15.312791471028527,8.667861350761044,13.187517525407202
2020-01-09,34.759392808513816,6.352441925604086,12.024877870416105,5.065937851617478,6.923902250879517,10.376097013340956,13.87337929653603,7.823401216657383,12.09636827429491
2020-01-10,21.311757580331353,11.789734081489815,7.1101910166996625,7.250399230175007,4.999319975889081,11.98872150767703,8.931322223953762,6.848445996538014,4.515986618453603
2020-01-13,18.828535763227435,24.259941208865328,11.334258383156891,5.136589363059002,6.761040922415637,15.045066770235337,11.52627171760058,7.53711532381426,8.603721765057278
2020-01-14,20.54316572862023,8.091242651040604,9.08225253935545,8.408933184783866,10.632143989261209,12.995610287260147,24.924708362782866,7.095213691573515,6.648279615980051
2020-01-15,28.77957106508276,12.202768061616291,17.184327698170843,19.133027283367447,20.18288364640839,19.20232415625394,25.652346354940452,17.03642337181904,12.922096963905751
2020-01-16,16.85273544773439,11.006851159969042,10.513146470897391,7.3921095105880115,10.297983279599283,8.80935747716312,13.906562358982583,7.898024672098614,10.777479618533583
2020-01-17,8.854048690847796,12.062214287862398,9.278733701719041,7.396436995536772,10.154613274271354,5.5838454495322445,15.288163206332486,24.70388130663843,7.675968140309225
2020-01-20,21.392070758747487,8.452915095588795,11.210652816174546,13.391737278651277,13.410679644684429,20.27161684620219,16.547892488142583,14.321696339703749,12.008595164869272
2020-01-21,25.235047473162382,10.87687224606407,5.304979328822154,6.927757035823361,16.819027648888902,9.45744656525595,11.30622890520107,11.231267371892443,7.1156690730130245
2020-01-22,20.331898048494974,8.16566717231819,12.407621818082527,4.936105038332348,9.924937149927842,17.00013895190955,14.173182181577806,11.510521546448107,10.092685288106711
2020-01-23,15.453024120072092,12.480190432881813,7.975396985268883,5.377481832355938,9.257977679886569,12.27734924235041,11.28019451544611,6.224845629806203,10.59688787239034
2020-01-24,14.392208413698745,10.505999413112427,7.706645604348933,9.690140384199488,6.82172162676538,8.898356079670908,11.397635547478242,5.125287104290304,8.59426598225133
2020-01-27,26.037080802923395,44.66281611918216,15.318692523315574,13.437121945876793,24.55576170550154,24.449376685935903,33.7925526260797,19.66244058483181,14.68441779304631
2020-01-28,31.30221228694215,24.05308583967897,15.756078780991936,6.88910994593165,9.86441287334793,15.16702851419823,17.044366961318865,14.901047527920339,12.784562310841247
2020-01-29,19.63392230043926,19.233531963656546,7.651770356657023,9.331737442742014,9.118535396466584,9.329182080744976,11.166747106210085,9.13745686129706,10.211524583192059
2020-01-30,11.086317084848684,23.878770948447073,13.698321061484965,13.852960632173547,12.701017753011131,17.967931854800558,21.882305882957567,12.497819185120077,10.9124502670172
2020-01-31,19.194728110336648,19.788091560131633,25.258367023417883,27.287705754008552,28.527581433531356,19.142013345618107,37.23064814665744,24.29074671761226,16.903956175373388
2020-02-03,25.547931026697796,19.172403763157746,17.66186691421067,14.941991029502555,19.128553038282845,12.032231338155349,19.88200751668642,11.161407067922562,11.93600364682912
2020-02-04,14.688516191472464,12.464593256609819,7.236139984612261,10.785350242550008,13.283169886691148,7.920264278755611,17.97675223718702,6.748128587394104,9.42833638602757
2020-02-05,35.495465031339144,22.155048179278026,10.573934819271406,9.278524838592203,10.571896217724898,12.586607313760966,24.035357116497774,8.218609659336774,9.689940975137334
2020-02-06,16.80018169236496,15.855305451824131,6.397671631298131,9.595924703332651,10.616128358550412,11.197224883009522,11.432067912805973,11.525147933546219,4.468658146059868
2020-02-07,14.113301725503561,5.547585805342987,6.820915295688493,4.096740827334522,16.02282667737404,6.070498808285762,15.745836845607359,8.670327718756653,7.078655854807267
2020-02-10,35.92224485301781,14.325257262155972,12.886028140766154,13.061368957726572,10.356838870249529,10.605917889922017,26.803502716048218,9.35106817012258,11.51994961152355
2020-02-11,9.520245916784708,8.594446328732952,6.562757892552195,5.8815524986417556,8.079008650742194,9.74490596109682,30.033425187410966,9.12434349577671,5.156581954938417
2020-02-12,9.284209202854834,14.088242031952403,22.074846888429516,6.558302856122145,9.06978339143507,7.8769572027374615,23.783189396881905,50.29847442087443,12.994483905764803
2020-02-13,30.090451363004412,22.247666702368875,13.289509524181915,8.273576204990649,23.726646560843154,11.904121895521163,15.942448602433142,12.642977587698912,14.027115361235687
2020-02-14,12.221415332977926,23.136229745691146,15.699463353188461,7.0457582172348445,17.23331365892708,10.699973212355292,20.641499299606476,7.818539214642025,8.399755307219037
2020-02-17,13.223368694888418,11.170331147390973,8.813995783722769,4.215915659746237,11.874081961575314,7.34647522890761,15.343180812305492,15.256150681058624,12.404478774680634
2020-02-18,15.488564704699732,23.953783910872325,12.81523744280375,4.7848603953647695,13.345482443383148,11.460087397667126,19.233433850851977,15.768534616248377,6.121308217179373
2020-02-19,4.986017459110858,6.754526198178097,6.739753130582164,6.6448244968695045,7.258738046016444,11.509005621501501,13.542857618040832,7.147326779422119,4.460481963303745
2020-02-20,10.92582148049863,12.433289844182251,10.98317458781321,6.623058993912408,12.379782480069581,12.668181548374829,16.444598674543325,8.834542607966307,8.030168725064707
2020-02-21,20.949110500899916,24.726064116315687,15.510101328599365,9.63325409839482,9.519376786179036,11.874101567245306,18.25017908031189,11.10954628106835,15.997491673844412
2020-02-24,18.720946094062175,39.41300714087975,17.316168465385353,9.184619068073582,14.702264562976165,11.325362976590451,11.737600250099096,12.058833864937501,12.256196393593262
2020-02-25,12.839861879964277,26.028698275045954,13.987184175362415,9.426931269595748,14.880081237107634,12.09158955651671,36.99487692011117,9.189109919403249,7.552355708976055
2020-02-26,18.848909631916108,37.76219001194942,14.61259853804722,9.396826751154663,13.931099781524821,18.790118374290866,13.996800781707872,9.575658992859868,12.911800803677497
2020-02-27,34.525730720474826,37.13817829349579,29.41684894215119,37.66697391928775,32.938610844586194,32.559731612565166,22.398612452248095,17.301316792884478,15.91031607194667
2020-02-28,58.395312003995684,54.073297918033894,35.23052963535792,40.781112079916895,31.685498571326136,37.952919882738165,45.67726011083336,25.38199686897534,20.851454213503878
2020-03-02,21.49018010152156,37.84778222034101,32.71469419855171,30.530350544213448,31.899453732503382,32.77266385610568,31.082428533846617,16.879942270844943,15.47430284038415
2020-03-03,27.301824863383732,24.857570594736206,25.907658175205256,24.32480729788715,31.31227257133591,19.08898273230231,25.44509722570979,19.523862972059895,14.876676498162453
2020-03-04,17.295343261756805,46.47896024372235,27.564226695989536,20.874374419699198,41.63277799836797,23.36586672007749,19.49839453233607,18.15701437391497,13.265139167713208
2020-03-05,19.522028748845077,27.086027405980207,18.468874286658473,18.064417999374534,15.72998830736833,17.806053395150325,20.893911957049678,19.856781779261933,23.522752502438298
2020-03-06,21.108058527358196,22.357720400406983,12.658738868186711,16.22426115973923,14.355643766492621,8.575663184903295,35.52338396453013,16.160524965492247,15.311895431969113
2020-03-09,78.68200745041086,61.99713495675056,38.694435953582285,41.446783910417054,40.883210441437875,42.728348410941344,70.41165319063772,51.65434468537511,34.39913155213946
2020-03-10,22.24241337225625,34.2304317672485,34.080613080236226,29.772498867992965,30.657550594969475,18.77217836694325,29.432953884299778,17.476570285766417,13.537589398564066
2020-03-11,40.634322434005746,54.6872836377293,26.911127929693645,32.82213888983711,36.61931444245876,36.568307096241995,18.252452103226187,41.87494530678864,25.0514488050177
2020-03-12,55.435575685838586,60.9228880906714,25.984394790431047,27.28858011447662,29.27919546279758,39.813271188784746,27.47043151070353,42.202684952228424,33.6232763256788
2020-03-13,48.2983399176503,58.7769540470437,78.4779309578843,74.68431595633227,78.47776664636358,33.45810015968612,58.47088585615804,34.22987699808503,31.81413659993301
2020-03-16,46.295395763645416,57.14401323471289,54.78863786483874,44.05617671229115,57.63665374237067,30.75989048109325,39.50839938644866,34.845136390576684,29.34778975974716
2020-03-17,34.41699020446403,57.57141770206253,61.41315862604553,59.88917846372009,57.42535433081447,34.77102039876428,56.485933091240184,37.25690348485812,25.882774268525775
2020-03-18,43.814808082025614,53.74856276151617,50.683068194782955,62.60872312104632,75.43262041086444,28.893257932702937,61.964019690785655,34.428118250819814,13.332447879310475
2020-03-19,39.080099591729464,51.63931517358116,62.279705008531714,56.141814525295544,55.22683344894499,33.091555949685706,57.81322853683012,42.71676467682098,40.684177436797945
2020-03-20,50.233206195576116,105.17309593084747,137.71623889826475,92.11869215689272,112.27476709761466,71.45138366759117,63.413482329713645,45.376288620043724,41.87497924333303
2020-03-23,32.175252890673256,56.547593074842396,58.58760372259696,52.97838146991077,57.47707551103982,36.59816846100283,54.986939307009706,39.97368504302064,43.04806491671035
2020-03-24,24.47208757156579,45.58323681679647,62.55002967388822,66.032235910356,73.33550296789842,33.626772818895525,64.57453120786198,31.1807859392843,21.52115360178465
2020-03-26,91.96496890410816,86.63414564895633,130.31322331049418,120.71098963013378,133.54888746535673,66.28764552650702,97.06376634494502,47.32478665550751,41.33143937912545
2020-03-27,51.67249291953071,99.42543466636728,77.81741724861891,93.39446454680052,73.76006466322829,44.34799021606345,127.82983263689613,69.8111480172214,31.828386617648686
2020-03-30,41.59259976204696,57.30452767462144,60.18643358442619,47.357184277628974,57.95108067880804,33.02014897279411,54.70408318999351,36.81875936619628,29.4282101532417
2020-03-31,29.72259642358971,55.84489893324759,59.647391275117144,36.875932989689396,39.8006022474326,27.336279979647138,37.42835265050595,26.682366074675564,45.825120747258794
2020-04-01,29.078411656330637,59.664646315903525,37.8721831598172,43.86126865578437,41.08538112589273,35.97182001334042,80.97689777438448,41.119424513814224,23.193494830636165
2020-04-02,23.7539820126067,62.67882204832057,51.71661323605257,20.532885887323847,32.048280744356745,30.68429626763568,62.53402254221343,23.19067701707962,12.337804633851489
2020-04-03,16.77111578302477,76.52147624591899,17.15400212366299,16.65138377129589,28.474672698993373,24.377124200710472,31.29719500820787,15.283278946299408,11.264555296382
2020-04-06,47.88716942796752,39.53598527543145,41.26048633321259,34.624331081753326,49.96111366066024,23.511866955935844,28.323837500998433,63.822117003497134,24.18554144915292
2020-04-07,39.217921310608524,44.47092957239423,53.746130777016965,64.5785255050912,55.235560729071956,34.02903076626373,48.902516849181495,56.38024917095792,26.876729870871667
2020-04-08,46.700195681140386,43.286033131268525,51.11120910957339,42.04140464966682,42.60952125217657,35.368038847615814,47.674120449312795,43.95898160341131,18.88409100080021
2020-04-09,27.437454962142233,35.66603728955327,35.657420266473665,27.429420274592793,32.879358645989896,21.935707392046158,43.28423306516481,31.75441142915324,15.491471608445792
2020-04-13,23.793719191615494,17.888112373563423,17.24297740241432,18.048067726367933,25.350642654025513,16.351137741311778,37.327070965364115,22.750783192789704,10.955728593575245
2020-04-14,22.250716188539073,42.578039929860815,16.035234192661786,17.379561219675583,23.926723492320402,17.971422935286537,18.74501340587918,27.632669180946156,14.383846202313642
2020-04-15,18.960024102414728,36.22094579611473,27.816080602350674,36.08347687032549,37.21589015204446,25.518874693965447,34.618060344387196,33.25092651146884,21.382826749784957
2020-04-16,24.605089696168,31.624735654524027,39.991900752916656,40.420490177332205,28.851806524028195,21.27537354971333,37.31579810491476,31.463240248129576,22.89335370060013
2020-04-17,14.696396027108005,23.45781911692241,28.585970018267542,37.39721795781869,57.26336197408865,21.916392058093404,32.147035680117334,40.72799896220574,14.40072653451625
2020-04-20,21.151129899500244,24.875006563203794,24.063615893702064,23.96550202721082,27.6166755369686,15.378389212839828,22.08841169771783,30.7231895929711,12.976823716446894
2020-04-21,29.03890767678794,15.221429163546391,18.225036916645145,22.51829298691615,22.446226604508563,28.506661970320547,26.145037471506544,41.53577767090877,23.819475362300018
2020-04-22,37.946007777193834,96.92615389374856,24.949178350983896,26.985365629676146,50.80724990037123,18.434056656140093,36.75260868774613,25.229730292574835,16.458585520872408
2020-04-23,14.405737982208269,28.284308942568803,31.76436449857485,12.23580502466666,37.12059925642038,10.813065739823713,25.42305697164169,28.139501173343678,10.263793828815253
2020-04-24,18.359272248037186,27.925017039518774,19.355440392505134,34.329014201460936,18.394356145208164,27.294063002385048,31.25233174507654,34.68321207610786,11.2889841208351
2020-04-27,14.88913343755749,21.367614974282763,13.40576678533305,23.987885056382577,22.317167964272873,12.885363938886213,32.066434232162955,33.75982116852344,10.521993529284659
2020-04-28,21.02312612331943,25.147764926965966,24.640364419690037,20.248955123991273,12.250417492638661,13.998431343561496,30.822454868564886,19.361421083687247,16.06394544491619
2020-04-29,14.599108271732819,25.660929927221048,22.335648776295443,10.954189590657478,48.84318319895818,10.249051176422528,21.802202792510393,25.88902766449501,7.140497257778342
2020-04-30,16.684564781942836,22.790483176366184,18.770356993367635,51.207863163915235,37.32477760027899,20.03680615255467,27.225892475023095,25.389686741683725,27.71206326373073
2020-05-04,20.509902988946823,43.37983853847518,32.95306085046414,27.933462354571397,45.98870630735264,17.333441916403853,27.598676539036298,16.97330151053367,29.937160797428124
2020-05-05,23.035584976447236,26.321999434509646,19.708720395912664,17.664821320086396,16.57592264803203,11.534840411389636,14.166342313121714,21.06568160738896,10.616470748083204
2020-05-06,10.848173012279974,33.33574335903134,9.440881679650056,11.200739426897227,21.397972456610493,11.476846025100796,17.6342599147636,23.212952374798633,10.904195569601931
2020-05-08,10.866495750060102,26.652835869293284,12.9014885594334,18.78628293420168,18.152554425576074,28.90867396076518,22.66335836779332,24.23846925694811,8.254059829298717
2020-05-11,21.89057582114014,26.97878521256598,11.771237807043228,12.057947961413166,14.980351250401371,16.257601044707208,32.082099990914855,31.83803219304137,11.18121144119584
2020-05-12,34.141663929182364,28.103766245747412,19.051362773618592,41.09382218107609,35.19611449112951,17.809025561237544,24.833664297429408,14.261122918887365,12.373320643316282
2020-05-13,21.137118115708482,30.1783071495683,19.07266236039779,14.608521218800785,21.263235835641307,19.706253237020857,21.71432845708854,16.1663786224048,12.011252659755236
2020-05-14,23.574748348693266,27.260677411102375,23.939209109309473,30.339090119158968,20.30625043039772,21.661110348440506,34.30120090212295,29.077095604692914,14.800349850571024
2020-05-15,12.731242319216307,19.369210877910877,28.339107541687042,46.52170291172301,22.394522062850537,15.071944319717637,28.387429816464255,14.530228597250607,18.3254663453844
2020-05-18,17.060413454378313,30.436642222787118,17.592748952005238,12.63612565305661,24.263811609971242,22.17769532031983,42.62611897308799,12.754260806830708,9.307673851432218
2020-05-19,15.642537415521375,27.01195876105102,20.21276684509751,30.436314843292102,18.78409367987192,18.48304924769094,19.16963149435027,33.003563875689466,14.372177212872906
2020-05-20,17.642126176375285,22.581543309371504,33.773402771093394,24.53878825222635,18.600371887163206,12.782442959148268,18.57114963908613,26.329182036027632,12.05676233786539
2020-05-26,16.428714675048443,34.32879461713566,19.36402348641799,24.015867734419828,30.99724158551848,15.69616424189417,63.837573727799715,18.231016633246664,11.035407143232469
2020-05-27,10.522967209251298,19.385948082056277,13.288581066931396,16.987007152568093,21.41781324530743,15.61178296642197,26.337641253957656,18.80024437309242,10.356161890296772
2020-05-28,19.699496741748522,28.634779349607538,18.730881720071928,41.241552859349056,21.665219340961052,10.756751031060018,35.55039911219428,55.27119594143265,8.909560412518031
2020-05-29,16.5053953775687,34.50901967936642,18.818635740903993,21.41751093842422,15.506393549523532,13.857701756639793,42.399249715074255,21.253375599885267,12.31128563847733
2020-06-02,15.076911495438598,31.683415277468136,27.51202193983655,48.889875177159205,26.500290499466594,26.475957127592125,47.03145055796024,22.336085992911627,12.204809114229244
2020-06-03,30.981767690074747,14.475122134262438,23.042310181952548,36.98274918974388,18.243365077792017,15.969538543416565,40.6273455576593,28.662505639689233,12.341547225628597
2020-06-04,18.803119353416573,26.960144347877492,19.824774875557868,36.577211244651956,24.671756509465514,18.851060927632222,29.15120623320144,36.06206067405264,18.711453766072005
2020-06-05,18.47301627407191,15.688092980096632,13.87384390699768,30.077847283890613,26.19618426996328,10.146590554824785,53.7012275527108,35.98825102294279,11.034734876359563
2020-06-08,33.439622788622884,17.886667932987063,18.604911098946783,46.68505729576058,14.189165038657272,21.531372096160222,39.105377512003855,34.504075750086685,15.612925879206452
2020-06-09,34.324655355537395,39.92701441991527,19.83181480772655,30.73513305666633,25.578504036880567,20.73518869470385,25.340301551941508,44.266406079904904,14.558320959618188
2020-06-10,41.84543558005042,31.974855248086044,29.196021227256995,39.42683019331078,29.238710964873267,23.63339405539205,56.08865602285269,43.42680065635622,17.675505867365462
2020-06-11,28.7155190279002,40.39807176421652,18.766510584014263,37.98460265209768,23.350893315885603,16.04333047957771,29.184873812214327,30.805735985824555,20.306385576966047
2020-06-12,27.81795046316463,33.311366208171826,32.70192248002806,49.15225247598644,29.244210528344244,33.45817773127752,59.660196429012956,35.525752046310004,19.96933891922832
2020-06-15,27.021600424226122,32.18085644554509,11.773706865916752,30.880306900588945,22.685753995407993,27.908026250913505,25.623973139357613,36.85624512155292,17.296704824813524
2020-06-16,29.91699852441489,34.57605991943174,18.637817209511446,46.05919334033087,27.179855543266424,27.834550926315938,39.22598920189987,27.11832541786964,19.254801158418065
2020-06-17,18.57713501485951,15.85975876813647,11.297281637938877,16.720188794001835,15.331826854395045,14.00390675658417,12.638540492598718,18.190873331379766,13.534407191132145
2020-06-18,11.27925455496207,34.518226318368065,14.985744349632457,13.543079447373701,28.630991692364766,11.49705297666646,22.841149623196277,22.216079518998768,7.91760099289835
2020-06-19,13.171245399662737,19.05194018079695,8.140330469743612,9.887764945779475,15.762498689627188,9.735181720919787,16.04995144787943,26.75436795536312,6.129400733401622
2020-06-22,24.94869442537069,13.714243237558485,9.148587064258429,14.94124309579006,23.299616118330583,20.911141338821217,16.6349966693981,19.95784311886547,8.890224276741819
2020-06-23,17.570867750651136,24.058573607393157,14.088155029083364,10.225462368815307,15.5853735435374,37.069904858255406,14.492724175149222,18.92764585600495,7.242598862779492
2020-06-24,20.13269114917985,10.900649006382347,11.205251883252837,33.222513011828134,18.45976262239902,28.393406624453636,24.081608734484732,11.44025469374419,13.698317122444095
2020-06-25,14.75438791859511,19.399032124542778,17.642354828765193,14.451734029559017,16.338948183831235,11.511774704423603,18.329348853840806,24.295409598321964,17.840422276731875
2020-06-26,11.18917818335627,18.55297810683347,11.287482973519818,16.547143716565955,12.607908733770426,22.656851490442616,8.264946131473708,33.48911639472321,8.778881307128943
2020-06-29,22.470130125866856,13.278617130362678,10.16689381677115,11.624850818249753,19.652798122091152,9.672381584108365,24.797639928703347,29.211149534179327,8.33359974738999
2020-06-30,15.476154015844514,22.82294525784714,10.41271021824189,9.849211653399143,15.694977529536693,13.431277038128103,14.518129119195807,16.84639575517001,7.969361347964063
2020-07-01,11.7269621321737,12.91922829966276,13.060442246601001,9.61563594460264,20.894133871082886,14.45624294062916,13.379300839438784,22.60177487350119,9.02280516230812
2020-07-02,14.447375150869082,26.62810704513521,14.76281108755294,10.613024604252859,18.327906552209207,7.557578052918427,13.43059753331935,21.772288876081404,5.916469118243635
2020-07-03,13.183840337093372,30.525284095108447,7.829472232296751,10.349244632769787,8.74797943125991,25.46568287069334,12.69339923202347,30.31253382471373,6.412151979637391
2020-07-06,10.983547899771633,15.357488486474915,9.941271240487419,8.623962433434087,14.989050025739456,13.477360789263109,9.765771192158553,15.910141510380333,6.8223677060385315
2020-07-07,12.408046687992504,13.165126442548427,9.137333717065724,7.316424279564784,10.451746312531633,18.389385636739156,17.32806463460118,18.619877851035533,9.603140992747331
2020-07-08,6.505756382841421,16.832314016148377,14.004867289379149,36.10775042839515,10.838679822357697,16.37986389097124,22.94879053256543,15.966583110120594,7.4071970684868145
2020-07-09,11.972037598289594,20.027646520700973,10.418469848140512,20.27675408956342,16.916277854440033,18.1287395564102,18.369050060052835,14.783961503027317,9.435180218030009
2020-07-10,18.327644945996056,19.494635928619218,10.414775779326,13.260128803364287,11.22284948701721,13.425480664907793,12.799679303333214,21.595001373131886,7.976760814948886
2020-07-13,24.737202878752814,14.323991429402739,9.87719751060329,13.484907305131486,8.711171223533153,29.637013380037754,12.14051890653035,10.056639143958677,7.038493048526583
2020-07-14,26.32152262108057,17.153831675191235,10.747074790257392,9.74252696282517,7.999030686516198,18.45585122086327,10.660127998345361,18.057137964124042,6.506761507848102
2020-07-15,33.412782268220575,16.530141313802094,9.77768631897793,13.804852187301409,11.554050487651221,23.54248735130954,33.29557879887949,14.710170712385725,6.630721171072153
2020-07-16,23.90358276537749,11.324169102519043,23.847456292423328,8.375414528680478,6.399863847816849,12.069744401196871,30.383424877939706,17.456331911573354,7.612527808429492
2020-07-17,17.073684040567873,8.527542877385095,12.693423962985657,12.256782767951128,10.453204301991303,20.56174974033888,13.54092824119277,14.717870450722787,8.110299446354583
2020-07-20,41.978863249614214,17.64342228703996,9.407054204600742,16.717848747818024,11.434428572656778,15.357567891770593,31.0099164207211,16.904879841270816,7.746437044858753
2020-07-21,23.897169098947522,12.547968599763562,14.000743049066495,22.868758449304554,14.174277380848297,36.22859202654624,48.23592528125271,10.298897311736546,17.973685187932503
2020-07-22,17.97208435983742,16.336973227280243,9.142366636627774,10.041908869054472,8.024313755650182,16.164905955754797,26.775630260960348,17.12034850633516,9.277600086150581
2020-07-23,9.556854280898213,12.815141707502706,13.06622548288303,12.405142609573664,10.909697716408655,18.469325915731304,27.667451934058974,10.10943718263451,6.595866498178777
2020-07-24,14.38841471818517,11.972830374245353,21.09593778073609,16.396090707720287,12.14735102935581,18.670324778761824,24.029042192593955,16.310057363809655,13.058217978254644
2020-07-27,22.821086990308277,25.693813152449728,10.184570764769656,16.117830064734324,15.63612711126113,22.22711935859331,18.15972557743737,10.034709121929376,14.791792183838531
2020-07-28,18.344925598564515,26.439768514710288,9.22903212276314,11.279181143492124,12.244144165916477,23.845398431233875,15.958162774163975,11.50732854121478,12.397605027709131
2020-07-29,20.234801496426318,16.847050649620478,16.332806081622397,11.076815978498773,10.79423417156806,12.714286183220219,24.69337023262157,19.509108054189568,7.465201247412559
2020-07-30,19.64365430744089,22.477953277582895,10.938635735485304,19.000164683994484,14.759556022674564,12.460669393564283,30.904220265366654,15.858109306193565,6.1105238256081575
2020-08-03,50.925865336373136,55.100519825657635,44.185952268614336,41.0770672580296,55.76510415507349,47.02644595562086,45.55497004832982,38.06993981246746,39.666117293100605
2020-08-04,24.271515521226664,20.91243776618673,18.274044142572514,12.050173915047269,20.02108466886102,13.35240622358311,13.873364824828412,10.168033436172912,9.67891174308245
2020-08-05,11.838354973441941,15.816935510102184,19.88968428307115,10.33622571444939,27.591101301660114,27.34078353060536,19.73450241470408,16.979854769828464,9.81527885829293
2020-08-06,18.425111146259813,15.106710261784231,10.762554902480284,10.389586364700133,11.14447609390411,26.738010092129237,26.439938212198243,18.482222500147277,20.343836786738486
2020-08-07,24.609004710467893,18.073597584400467,16.929440256439673,13.74671802494318,19.37973165542544,24.37816569947594,30.532909996010797,25.562988017577993,13.422500993067828
2020-08-10,11.067168274626308,12.556150584943863,7.89891616352646,8.565452871437508,14.819234522586541,15.433311986444645,22.357142107673493,11.475584754002186,8.8853656802604
2020-08-11,7.928639876603334,11.940656308917237,9.018982618847646,16.8238876972187,13.512475786752919,15.10755316729517,19.25207075318457,14.820688648854519,11.283489251639203
2020-08-12,15.560988690115929,11.839635296876914,10.194607607713596,24.8620945251527,9.241232994813508,23.538943234905982,28.78941288910491,15.79027166706282,13.72644057926958
2020-08-13,16.84113548695769,11.677758802962009,9.422208829747579,16.18612900778598,13.903240632716962,10.113556162099071,24.004456519782373,15.652495198281018,12.707116131746861
2020-08-14,8.359982953866615,7.064920257813339,13.146497250684236,10.979212908239134,10.436157545043201,15.922825513850308,14.568486980441945,12.508249535320633,12.902124234236343
2020-08-18,9.351536345915555,11.227563348544997,11.02529272511499,20.034797799324426,9.006773443464716,13.559660427906229,20.979077060238215,11.288591416960283,11.02062416019166
2020-08-19,9.127752732940712,16.0108914366893,8.725785249097582,16.373823002493832,12.967284259941136,10.860125939502876,26.023383713496823,11.419443396502956,7.942779159732413
2020-08-24,13.783818498405534,13.258322317936628,10.35407937800647,11.356777507337503,11.316073029446379,11.551609747860743,13.150570006189854,13.726674615631016,10.951712493589369
2020-08-25,8.965039202089466,14.95097357632112,9.477721815363761,18.639560140039134,7.642021036607612,10.050928346838976,11.965163205606812,13.544949617803093,13.360647806305877
2020-08-26,10.973794000453276,12.200811506201365,6.702698888952817,9.036932509189205,12.52922759774495,14.656893951968456,17.38769573431212,16.469841982649754,9.067185282617599
2020-08-27,15.074746112049937,7.807488978969361,7.449041040992628,15.622725884292295,14.54448732982132,9.178808796903699,22.38864787904008,12.193541035893315,5.184314146454085
2020-08-28,7.226730933326387,8.551463032667627,14.366427393736053,15.856746687575862,12.759512306523996,12.083429267535443,9.928144594245177,10.74757461328902,5.136178159987194
2020-08-31,29.5978506761822,31.1475671802068,16.891719160124406,32.71079795272762,28.183625362897114,24.176382570292834,34.47137105960386,31.40046858030392,19.937989295990704
2020-09-01,20.149656674467433,17.64659311511724,13.327783087123004,24.799032189565313,13.616461049983638,24.198232024228798,20.05089902295569,14.465799744650912,9.759940792950824
2020-09-02,30.258462915401463,22.728549469709115,12.536289030605968,11.014397215235913,13.004668144512596,14.312017617110484,19.428237970762535,12.328075159361576,12.104207156971622
2020-09-03,20.36197274760634,20.325875734913478,13.214276581737558,20.899900995255642,22.44058579424946,15.770173845771613,32.48485551142328,17.23656798188617,9.482155683889973
2020-09-04,13.252759212468842,19.410591959690056,21.737747414959056,23.79526155539881,11.971619295928525,18.363670518333734,21.667175010972766,13.736446856998846,12.969618608425382
2020-09-07,19.318977427822297,14.206568547997767,11.428844272536585,14.125790263850197,9.074923307440596,14.08096266963495,18.536286244213287,12.121650962775067,8.834753457387366
2020-09-08,16.23477233264136,9.815545466434923,6.640890542021687,7.2319205702502485,12.876358315995063,8.215978011440304,13.431078947897054,17.417223822956398,5.709076439921317
2020-09-09,34.002140057242066,22.313735806569973,13.324893897057171,17.994708980006465,16.79462190630871,17.94949276003637,21.03912326193276,24.341722847964455,14.388510592329546
2020-09-10,49.110608558820225,51.0577317718322,42.022962292893304,44.90841418532655,48.36471854132735,39.983549714014615,16.7318845980526,35.329194823109006,34.22663559970446
2020-09-11,60.82284343889941,62.114026069244524,59.069477679470275,55.72751268681772,61.776492333282675,57.81065869008781,59.88191773808648,55.231018361277116,37.39663665122795
2020-09-14,29.61515098379273,29.700179652827387,11.886679577223934,22.599376956892527,22.87519822814591,11.433349011645541,20.318387390279042,52.78218922456994,9.820618054986415
2020-09-15,20.86854757388344,19.83890484890729,21.43996969292444,24.062311577247726,22.727825843151635,12.590964436204647,16.119673145167386,29.146395212806098,9.585223682168314
2020-09-16,13.882028992943788,13.729077139175343,17.10715752523243,17.13671521815114,17.06001521260962,16.17628947817005,13.092061050116675,7.923193516051444,7.6190629211101175
2020-09-17,20.624584939497947,21.620304466400135,15.664714950064324,25.094813251879888,13.460593505123747,15.854535921778295,15.54978408402515,33.345690552122996,9.310072947953103
2020-09-18,32.34261142278775,20.67918202589354,10.096764599137211,16.81567363647484,13.765084930518492,12.058130415314249,15.38648035777071,9.66027283438238,21.177232230006947
2020-09-21,19.23559888464639,22.44222895038857,16.866886643715905,19.61571120491464,28.209685012429958,18.910636414211435,29.601615257337443,15.656930328148135,12.529555772057838
2020-09-22,25.12424100932442,19.30785701855297,10.889961276556809,15.472760153272006,18.05359240870886,13.281567445620384,21.934224867044662,9.526153656038264,8.215109304170278
2020-09-23,22.078909402284093,25.9541332888053,22.36725992253186,25.883701473303987,23.400715051162226,21.977601931864328,24.249456263710293,17.797792352849022,15.349029142625477
2020-09-24,31.055295242936083,26.36212141253888,16.121490313192734,18.6248616364766,15.879323223627823,20.302888839366993,14.590624526113444,7.114458096491175,11.902795124961301
2020-09-25,21.797427067837116,18.874081527884464,21.372310184588123,26.373901764444835,19.253857524675336,17.93096668509306,46.58843390803572,10.545295956190454,9.21783665976763
2020-09-28,22.915917103727633,13.03321317092189,16.147305846486272,27.924534207790863,16.1998169701211,11.42452185019717,26.773823329545305,9.160630896219189,6.128880624855058
2020-09-29,11.818846694570453,23.1584508473857,17.239016407076733,26.007721591679978,20.8748928965118,12.202538125978403,36.473093075746235,14.368665944767708,13.13863494862998
2020-09-30,22.01801364771984,22.362180092187597,11.417410579234168,20.50419232491662,24.017035733273833,16.375725330280726,19.97066688690048,8.65345754289043,13.218592620747083
2020-10-01,24.651670425291965,16.98169259449401,7.824044590025904,18.181235870460032,38.43605957487163,11.74116602450356,24.337893739152502,6.218539781829452,5.5146108435143715
2020-10-02,25.188508739742232,23.73066363735552,17.20249752027683,23.235794764220774,28.734058648820426,16.083430721185028,20.85893898478017,14.486223502986991,11.002780953546786
2020-10-05,13.462444307444056,11.713501526839428,11.44565265399618,14.286508366976166,16.308568576224953,13.306636486862919,14.768749047127288,23.752367002387683,4.706561932792984
2020-10-06,10.865647230198432,11.471691067111301,11.481893088838534,10.631714648442166,12.5439967698344,6.524094036197144,9.064211477378946,22.82129111508272,5.184416752987976
2020-10-07,8.541787627616378,9.969831151466684,13.226821432293171,15.915506271387386,13.91351478876783,12.585900533659325,11.603919889317007,22.444912583249018,10.786718311033146
2020-10-08,10.406784832881428,10.898808248181625,8.691824186698648,9.131118897931517,15.564409546300762,8.800174408465322,20.386933597911426,20.000054468606344,6.117883893373807
2020-10-09,17.593608178407223,9.71980170066462,6.5637377990258,10.478962415819192,9.046735491953124,10.562261372430788,8.77869715272847,14.385175685790491,6.850686182907351
2020-10-12,14.73877311280778,6.100376658174718,8.973233176807351,13.203207043977564,10.314248830303482,8.44615605284277,13.721117268608882,16.351621711108557,5.489523322532125
2020-10-13,13.413776498446166,17.992113418437704,10.310045844272578,20.722537398010807,15.493366710735945,14.753178023155838,16.46427225584288,19.783174340687506,9.437660879430762
2020-10-14,11.45828690846602,14.684599826030833,9.119475847808946,10.882506968985785,26.650560888526854,48.70904033724831,22.612877257206872,15.556917276802928,14.316410384209666
2020-10-15,9.31014802363451,19.24044230540931,12.6126128007893,16.94839283300036,21.722479293557527,36.29118687756045,14.375608809148122,17.36689915581153,10.222734244660662
2020-10-16,9.939740938663972,14.66886684765845,8.881898795955376,14.178762277349799,11.400973641898373,16.671270371438915,34.935986677769606,24.154400643027238,9.929640123641702
2020-10-19,11.327821596645922,8.109761715145645,10.972618541308545,13.494603028027402,19.020596144338807,11.982067374011669,26.77088940176905,25.198517782758262,4.681018508301838
2020-10-20,8.616040183435373,8.915662827312042,16.814067013826325,15.121935693112535,17.53095118152263,13.163448010298943,28.84767915365174,20.73817591408679,6.231714440756879
2020-10-21,12.141190895450936,9.007475043595715,9.720100337321714,17.723507512221467,9.156814540541236,11.27579839940081,11.644511303599318,19.476161571067884,7.045528267720014
2020-10-22,12.593530636175329,15.320440587562398,8.452485955812778,12.546707276252006,12.741681232146851,9.093819623673948,13.020992897802616,13.111194749199479,5.832539441221347
2020-10-23,13.513450806753763,9.862792494587557,8.336779028621196,7.985993049945474,17.772538941623576,8.475225146827245,22.81382998314218,36.525611236229054,7.670858660441036
2020-10-26,24.994000086722597,7.970808223339895,10.284340503836804,15.792635558659496,9.427505000721101,9.765940875505576,20.73969460197579,32.87715645612019,10.15827544692474
2020-10-27,27.337327185576815,13.345291820025157,11.430803201264391,10.535838740322637,15.757814957147486,11.218255466058178,26.591953611265808,43.54024626776497,10.637363671896773
2020-11-02,21.689845501271865,16.081498827188177,14.538536501050878,17.487264079217493,13.891303474006989,14.93564802098841,20.83681916094023,18.898712905524757,11.389490376732745
2020-11-03,13.680486304910803,6.64316003780362,8.35567214504242,7.116481090432894,10.6449307047551,5.903968783252765,12.551424794987351,15.198606191856943,18.205357036404727
2020-11-04,25.237746873355267,20.215020175227377,10.606423829975038,21.398284690100905,19.76172398401529,16.911023381910994,22.881474861583175,40.68457977341598,13.383332272382829
2020-11-05,16.743910805310456,30.01697910237003,8.140511859623555,27.29807000932099,38.35310072740715,16.500876369843155,15.270305679534731,16.062337486668177,11.606023410518183
2020-11-06,17.44214671026459,26.488667464427056,14.315908794419475,23.77943485488854,18.905294153655216,9.283525834955668,44.943951724737666,12.44435094366395,6.03453552503758
2020-11-09,15.924250169536883,15.83091396742459,19.502965296499305,18.846072853325254,13.952744104881795,18.214920649824897,32.27524138483687,13.495587222114192,6.032817472818737
2020-11-10,8.994948999767992,19.18106176285988,12.578060320869644,20.872215182151738,17.48464174918062,10.911087357096552,19.573882265976643,13.050605051980291,6.63361329110514
2020-11-11,11.734304989766589,10.753614562045884,12.793309275944159,15.120827359591821,36.57943659560009,17.06472138424534,21.37169257568544,21.386656927176453,7.3872828868881095
2020-11-12,27.815449910201927,9.887658773614572,6.543384375775638,16.214252180173943,13.346310580839482,12.439505771209033,30.69521870274436,17.629954290966545,6.9876545270777415
2020-11-13,13.125138143629652,9.071241005546462,7.875503679323785,11.86149892803223,12.625269271268301,15.387332228345077,10.037991383576692,15.196013030988853,4.507448614559204
2020-11-16,13.755925942225131,8.264464785699618,9.879812752488318,17.363309264585197,14.532132664445632,11.438274471949411,14.429662936850784,17.555740488823968,8.47366238456339
2020-11-17,9.669368833076144,8.242900276227019,20.359362828825553,8.995011635772807,32.36829791768569,14.74724286221161,21.207049222925217,9.659389334822073,9.795706000846902
2020-11-18,13.508066307438824,9.300261509468411,13.125170635067382,10.25046053062892,10.262706253283918,13.218856812048447,16.103276825503148,12.074369613240217,9.720816065651153
2020-11-19,13.814169776219718,6.946502097695115,12.944265741162553,14.048537342207979,15.379804414944036,17.529262068246947,8.417621502755644,23.776906746431724,9.306971535952847
2020-11-20,14.334596720356569,9.470895486606922,17.09316698775057,12.859094771558658,17.407846624160282,19.648188312472882,16.746710517100535,18.093778917336888,12.786563215104973
2020-11-23,6.625507288469076,26.60150031409949,7.16733601243737,10.686630323058239,24.441427726630394,17.6906964706885,16.828717168836114,13.67351193844594,10.82903364109391
2020-11-24,10.500190551828023,14.368036612164406,10.224925169556753,9.941495905002329,9.27712506303335,11.822536514604973,9.7552071349492,12.764194997811943,12.14517614829253
2020-11-25,23.654834957672495,18.79651682846619,18.89873446553281,17.103298500234402,27.44744558201384,23.894382808329027,37.78128582692705,27.567264854603724,10.525325689228817
2020-11-26,13.015280991408956,26.028214981653942,11.68696863728794,13.968142709221903,33.309409173320745,12.76454742635386,23.90831888648287,18.86990860337814,6.401904322794916
2020-11-27,45.76042156804793,12.813097789778807,11.330164508884568,10.627252432755254,16.419815543688678,22.921645356811208,23.863460779505743,27.588906554955777,13.131506475637252
2020-11-30,45.01093295755285,44.46831938368213,37.12704604399887,41.71192628666212,53.71631950283532,48.07678101874022,56.150545164458386,40.51392398236931,27.200735881002302
2020-12-01,32.7835597985443,28.327600413810515,16.866008151661454,27.455679772227565,38.17756274978587,36.25638376143648,24.634464982686517,25.91955057846015,19.63140253284817
2020-12-02,11.9733176318412,19.12489647098458,15.21959064590195,9.44541767500503,18.51917057210884,20.51421338716421,23.506466912660287,20.86526923748472,16.778158886954497
2020-12-03,42.3730810531388,14.794476099760926,15.722956338203375,9.042103899667246,17.31238836032781,15.228284372305904,20.234622215371296,12.552518590473206,12.035519114781652
2020-12-04,27.916358525032294,10.770703564308477,8.350147929966683,10.046134331268993,12.412646056468276,14.627684446003345,21.71954020984042,15.337298321948925,8.640433416404683
2020-12-07,24.085194600552775,39.35493476244159,16.410556314467108,10.084343634029908,13.45384176962939,13.01342541204252,20.332066690621183,13.619885678127307,13.697582574484429
2020-12-08,19.93689138023271,11.57878908431235,12.390850354654988,9.500837065203841,15.447281805702588,13.066940546845016,22.170365499964735,16.941088358260807,10.177556967743783
2020-12-10,19.303051205222186,12.332062472100153,39.6826643355513,8.690714683303165,13.878382140931494,25.34840977722565,18.69683924074912,13.499015937155107,15.33261416495724
2020-12-11,20.3189742031653,10.128977465260764,17.647077757627898,12.111576624114374,12.239917899223517,15.768708139195626,23.35567140899707,24.593852170928905,8.492332895162956
2020-12-14,12.178983485973005,15.463093407804612,17.96166495517261,6.342222930456427,19.56603867434182,9.162803030018466,15.181776614256465,37.51884531320492,21.0642517473649
2020-12-15,10.81011440146923,16.171856791233818,15.7211862570329,17.56940378258255,33.9470149070673,14.869611377438579,44.2565367116813,20.997093983331368,13.15034056365504
2020-12-16,19.96338797018355,18.54985873527056,7.259385845828204,9.086646040026663,30.830959040145572,32.7436644916382,27.449803099906323,13.854177859599087,21.942966370019857
2020-12-17,23.318641929794605,28.081929967982234,15.398867949311224,11.501778536464592,24.6749943042303,32.05772640314192,20.124350481534997,38.950535136108286,11.115465687501949
2020-12-18,29.42937661714754,15.553585815672857,14.373883125575068,11.746494445739385,9.540939644985885,12.315966743205268,13.394797302856862,21.37751162283334,10.504309814256576
2020-12-21,41.48952127363509,18.073559203483065,11.801895964103473,12.110759235298229,28.27149028753962,40.02537032847921,14.29914908487549,15.983550136455957,19.16023589527398
2020-12-22,41.177106308780736,33.16285694412871,18.522227329284288,23.842609233695946,42.863399981283266,39.221354436761295,36.952141355152094,28.784213426954576,28.770735040889768
2020-12-23,48.19969935776556,46.91122127240347,30.38935697028598,39.138531205745345,48.55334219692059,56.40235098369062,39.29588463311678,45.24529645690142,37.20557599268483
2020-12-28,37.421162577923425,25.60572675349867,14.481073739905199,21.790716455070854,31.747080911690865,22.983414651239244,27.15594005998746,17.600329407381665,14.216189679697466
2020-12-29,27.991995360730765,26.489941675687113,14.366374389674183,14.851275225337346,32.21058127881916,35.33705000567871,24.78330076405262,21.73100515452578,17.280964943075315
2020-12-30,32.793680664600494,31.324851410570748,15.479939476895558,12.234632311592994,25.560625351363857,25.117947354562382,17.383767597233977,26.544697950554326,11.583095309608883
